test.com,description,https://image.com,https://buyme.com
test2.com,description,https://image.com,https://buyme.com
test3.com,description,https://image.com,https://buyme.com
test4.com,description,https://image.com,https://buyme.com
test5.com,description,https://image.com,https://buyme.com
test6.com,description,https://image.com,https://buyme.com
test7.com,description,https://image.com,https://buyme.com
test8.com,description,https://image.com,https://buyme.com
test9.com,description,https://image.com,https://buyme.com
test10.com,description,https://image.com,https://buyme.com
test11.com,description,https://image.com,https://buyme.com
test12.com,description,https://image.com,https://buyme.com
